id	domain	subdomain	source_lang	target_lang	source_text	reference_text	provenance_id	source_sha256	stress_kind	parent_id
ID-ASR-001	in-domain	asr-style-human-gold	he	ru	אני אומר שלום לשכן.	Я здороваюсь с соседом.	docs/research/hermes-education-scaleup/rnd-c1-2026-07-24/benchmark_manifest.tsv#N01	d2403350108088ddbd605c58fdb4fddae881054cbc1aec1524ec85ac4397501e	none	
ID-ASR-002	in-domain	asr-style-human-gold	he	ru	שלום הוא מילה חשובה.	«Шалом» — важное слово.	docs/research/hermes-education-scaleup/rnd-c1-2026-07-24/benchmark_manifest.tsv#N02	ae41a3583c547d0f1d6434264d646665b4eca6a06b44e38918ed112c1bcd3663	none	
ID-ASR-003	in-domain	asr-style-human-gold	he	ru	התלמיד קורא ספר.	Ученик читает книгу.	docs/research/hermes-education-scaleup/rnd-c1-2026-07-24/benchmark_manifest.tsv#N03	675650c9bd35591c9be3afe84dfb264da74f02e8ae5b7ebd30a96f110aab031d	none	
ID-ASR-004	in-domain	asr-style-human-gold	he	ru	כל תלמיד כותב במחברת.	Каждый ученик пишет в тетради.	docs/research/hermes-education-scaleup/rnd-c1-2026-07-24/benchmark_manifest.tsv#N04	68f46607f09d4a492324bdd48091af134f1b28646db650a0d54b678ea52d9ec1	none	
ID-ASR-005	in-domain	asr-style-human-gold	he	ru	אני לומד עברית בכל יום.	Я каждый день учу иврит.	docs/research/hermes-education-scaleup/rnd-c1-2026-07-24/benchmark_manifest.tsv#N05	01f2ac0cf820b1c0cfd448a1007baa7882f674f0d5e30fcf05063ea2f0c2c0df	none	
ID-ASR-006	in-domain	asr-style-human-gold	he	ru	עברית נשמעת יפה.	Иврит звучит красиво.	docs/research/hermes-education-scaleup/rnd-c1-2026-07-24/benchmark_manifest.tsv#N06	3b4552b0a875cee2916a12d2ca5266668f2ecab147857439d96a90df3126baad	none	
ID-ASR-007	in-domain	asr-style-human-gold	he	ru	ישראל היא מדינה קטנה.	Израиль — небольшая страна.	docs/research/hermes-education-scaleup/rnd-c1-2026-07-24/benchmark_manifest.tsv#N07	0d0868328524ecfdf99d28280b600ac778cc2c93666ab7816d6f89ed05cf7daa	none	
ID-ASR-008	in-domain	asr-style-human-gold	he	ru	כל מדינה קובעת חוקים.	Каждая страна устанавливает законы.	docs/research/hermes-education-scaleup/rnd-c1-2026-07-24/benchmark_manifest.tsv#N08	18c92e135356436ac3da2837742888b85910277f7b54d3d2481be561e768273f	none	
ID-ASR-009	in-domain	asr-style-human-gold	he	ru	יש ספרים על השולחן.	На столе лежат книги.	docs/research/hermes-education-scaleup/rnd-c1-2026-07-24/benchmark_manifest.tsv#N09	8c2460d14c7106b2cb3a182506d0f87b973f7d2ca8c121dd6c33c88104b4dfe3	none	
ID-ASR-010	in-domain	asr-style-human-gold	he	ru	הספרייה קונה ספרים חדשים.	Библиотека покупает новые книги.	docs/research/hermes-education-scaleup/rnd-c1-2026-07-24/benchmark_manifest.tsv#N10	e18cb1779e3fd79aafd5ea5032d4b8d86c429bef44e675cc592f92b8b0e02ac3	none	
ID-ASR-011	in-domain	asr-style-human-gold	he	ru	חברים טובים נפגשים בערב.	Хорошие друзья встречаются вечером.	docs/research/hermes-education-scaleup/rnd-c1-2026-07-24/benchmark_manifest.tsv#N11	7e293c2cb898a2e6bc0ef9436f212e7ff7080a2b804c8601fd0f40c04129db5f	none	
ID-ASR-012	in-domain	asr-style-human-gold	he	ru	יש לי חברים טובים.	У меня есть хорошие друзья.	docs/research/hermes-education-scaleup/rnd-c1-2026-07-24/benchmark_manifest.tsv#N12	59c9568093cf9a7999843a3999da55ad9c1b68ca7b23995a7b42cb2d5de65df7	none	
ID-ASR-013	in-domain	asr-style-human-gold	he	ru	עבודה טובה דורשת סבלנות.	Хорошая работа требует терпения.	docs/research/hermes-education-scaleup/rnd-c1-2026-07-24/benchmark_manifest.tsv#N13	a011d8bc07d6a03eac37c0ffddcb0fabc2e49eeff02df4796a1f984040b5b628	none	
ID-ASR-014	in-domain	asr-style-human-gold	he	ru	מצאתי עבודה חדשה.	Я нашёл новую работу.	docs/research/hermes-education-scaleup/rnd-c1-2026-07-24/benchmark_manifest.tsv#N14	888bb4950634fb25c85f5333ac31bbf389ff4215f163a66544a568834bcf3399	none	
ID-ASR-015	in-domain	asr-style-human-gold	he	ru	הילד לומד עברית.	Ребёнок учит иврит.	docs/research/hermes-education-scaleup/rnd-c1-2026-07-24/benchmark_manifest.tsv#N15	4010f45d337f79a4dc28c4817a2340c0a33c2d2427812f1fcafb7a8f038fc4ab	none	
ID-ASR-016	in-domain	asr-style-human-gold	he	ru	הוא לומד מילים חדשות.	Он учит новые слова.	docs/research/hermes-education-scaleup/rnd-c1-2026-07-24/benchmark_manifest.tsv#N16	27f94203c3e5c6c0e38571eced1d2b291970341fa3ed3d966078cd55c8f89e22	none	
ID-ASR-017	in-domain	asr-style-human-gold	he	ru	דני כותב מכתב קצר.	Дани пишет короткое письмо.	docs/research/hermes-education-scaleup/rnd-c1-2026-07-24/benchmark_manifest.tsv#N17	fd3ff34b1ad8b85d2422b5f538ab4bbd5826a307394ff4d8bf0e7fda157b3a56	none	
ID-ASR-018	in-domain	asr-style-human-gold	he	ru	הוא כותב תשובה ברורה.	Он пишет ясный ответ.	docs/research/hermes-education-scaleup/rnd-c1-2026-07-24/benchmark_manifest.tsv#N18	7577d6b6911560f48600e25d6c2ef5ccad5fd5ae32d74591ceefb104f62928fa	none	
ID-ASR-019	in-domain	asr-style-human-gold	he	ru	אני שומע מוזיקה בבית.	Я слушаю музыку дома.	docs/research/hermes-education-scaleup/rnd-c1-2026-07-24/benchmark_manifest.tsv#N19	324c480a920b587e65726c37400100fe172f945119d5ef4646ae0998436feee5	none	
ID-ASR-020	in-domain	asr-style-human-gold	he	ru	הוא שומע קול מהרחוב.	Он слышит голос с улицы.	docs/research/hermes-education-scaleup/rnd-c1-2026-07-24/benchmark_manifest.tsv#N20	6440c413904728d59c0bffeb9596e82ff25a1dc5c84f71ccf1771d9d7e2bb2ff	none	
ID-ASR-021	in-domain	asr-style-human-gold	he	ru	היא מדברת עברית היטב.	Она хорошо говорит на иврите.	docs/research/hermes-education-scaleup/rnd-c1-2026-07-24/benchmark_manifest.tsv#N21	aa74e6f274183b20c80c235c9dc0924c38a1f748a7c6de9e349debaa8f7d8472	none	
ID-ASR-022	in-domain	asr-style-human-gold	he	ru	המורה מדברת לאט.	Учительница говорит медленно.	docs/research/hermes-education-scaleup/rnd-c1-2026-07-24/benchmark_manifest.tsv#N22	cd33a7be939845a3e9aa5801b6c9fed489c2b21563bfc83d6b159d2b48806e43	none	
ID-ASR-023	in-domain	asr-style-human-gold	he	ru	ילדים משחקים בחצר.	Дети играют во дворе.	docs/research/hermes-education-scaleup/rnd-c1-2026-07-24/benchmark_manifest.tsv#N23	21e70f6720949bc93201035bf98fb6b10e0cd3f8b42c94980cb8371bbe5406f1	none	
ID-ASR-024	in-domain	asr-style-human-gold	he	ru	ראינו ילדים ליד הבית.	Мы видели детей возле дома.	docs/research/hermes-education-scaleup/rnd-c1-2026-07-24/benchmark_manifest.tsv#N24	d211befb82072992d15325b170eccee8c466c529a58bb43249167a056c46d2d8	none	
ID-ASR-025	in-domain	asr-style-human-gold	he	ru	אנשים מחכים בתחנה.	Люди ждут на остановке.	docs/research/hermes-education-scaleup/rnd-c1-2026-07-24/benchmark_manifest.tsv#N25	5d66d2f390765a88629b5b7631a5693570e4cb9929327dfd9418a782a48729c7	none	
ID-ASR-026	in-domain	asr-style-human-gold	he	ru	הרבה אנשים הגיעו מוקדם.	Много людей пришло рано.	docs/research/hermes-education-scaleup/rnd-c1-2026-07-24/benchmark_manifest.tsv#N26	7e89464bb3c5b9ed7b35664472fe62461fd1015a12b2683d7d929d54ad6f9b79	none	
ID-ASR-027	in-domain	asr-style-human-gold	he	ru	משפחה אוכלת יחד.	Семья ест вместе.	docs/research/hermes-education-scaleup/rnd-c1-2026-07-24/benchmark_manifest.tsv#N27	4014ce351665f7fb7a0a4ea1ec858aaa47aae6f0bf679b38a824600c49e7a3c6	none	
ID-ASR-028	in-domain	asr-style-human-gold	he	ru	יש לי משפחה גדולה.	У меня большая семья.	docs/research/hermes-education-scaleup/rnd-c1-2026-07-24/benchmark_manifest.tsv#N28	a6eff83e555ff388c645bb16944cc89f1c6484c494ec04e162a8ab6acbe16738	none	
ID-ASR-029	in-domain	asr-style-human-gold	he	ru	הכנו ארוחה טעימה.	Мы приготовили вкусную еду.	docs/research/hermes-education-scaleup/rnd-c1-2026-07-24/benchmark_manifest.tsv#N29	349a4128369eee9d45e86a0bd4909b205dc9443100282210481f6ba9c1c4d254	none	
ID-ASR-030	in-domain	asr-style-human-gold	he	ru	ארוחה חמה מוכנה עכשיו.	Горячая еда уже готова.	docs/research/hermes-education-scaleup/rnd-c1-2026-07-24/benchmark_manifest.tsv#N30	29b2db15e0eb43d6c6589182d0edea3ad83efde5f86ae7dac1404551fa1536b0	none	
ID-ASR-031	in-domain	asr-style-human-gold	he	ru	בוקר טוב מתחיל בקפה.	Хорошее утро начинается с кофе.	docs/research/hermes-education-scaleup/rnd-c1-2026-07-24/benchmark_manifest.tsv#N31	ece05dd119b42b19e5ef5e7a79b9fff5c8e9bc37c80df19b19a7121edd0eb1ed	none	
ID-ASR-032	in-domain	asr-style-human-gold	he	ru	בכל בוקר אני הולך ברגל.	Каждое утро я хожу пешком.	docs/research/hermes-education-scaleup/rnd-c1-2026-07-24/benchmark_manifest.tsv#N32	458b4df0385df2857f81ad3b2f000e1415639fa4a62639d49caebdfb960caa37	none	
ID-ASR-033	in-domain	asr-style-human-gold	he	ru	ערב שקט יורד על העיר.	На город опускается тихий вечер.	docs/research/hermes-education-scaleup/rnd-c1-2026-07-24/benchmark_manifest.tsv#N33	aaf67e36e8c7bddce7dee4ae695134f58f80ece8120af9683e506c44e2fe113d	none	
ID-ASR-034	in-domain	asr-style-human-gold	he	ru	בכל ערב אנחנו קוראים.	Каждый вечер мы читаем.	docs/research/hermes-education-scaleup/rnd-c1-2026-07-24/benchmark_manifest.tsv#N34	583cf1d59a62b5652172a7a76f7224d7841d22eb1d58b473a92b5548ca4dde90	none	
ID-ASR-035	in-domain	asr-style-human-gold	he	ru	כסף נמצא בתוך הארנק.	Деньги находятся в кошельке.	docs/research/hermes-education-scaleup/rnd-c1-2026-07-24/benchmark_manifest.tsv#N35	9693711d1bf3e368beca21eeb6eda8e68f37465f86b98a4f43934c68f0d2375b	none	
ID-ASR-036	in-domain	asr-style-human-gold	he	ru	חסכתי כסף לטיול.	Я накопил деньги на поездку.	docs/research/hermes-education-scaleup/rnd-c1-2026-07-24/benchmark_manifest.tsv#N36	2802e1f00af62e5ec6a2f9cdbaccf1ddc27553acd7659f7e0aec250a11f519ca	none	
ID-ASR-037	in-domain	asr-style-human-gold	he	ru	חדר קטן נמצא למעלה.	Наверху находится маленькая комната.	docs/research/hermes-education-scaleup/rnd-c1-2026-07-24/benchmark_manifest.tsv#N37	b244594badef1b27f5ab31886076f5203fd74803a07cda2807891ea346b05905	none	
ID-ASR-038	in-domain	asr-style-human-gold	he	ru	סידרתי חדר לאורחים.	Я подготовил комнату для гостей.	docs/research/hermes-education-scaleup/rnd-c1-2026-07-24/benchmark_manifest.tsv#N38	a265e758a76789d8999cc214725b776a7ddb73b41637022121612932693f3a77	none	
ID-ASR-039	in-domain	asr-style-human-gold	he	ru	ילד שמח רץ בחצר.	Счастливый мальчик бежит по двору.	docs/research/hermes-education-scaleup/rnd-c1-2026-07-24/benchmark_manifest.tsv#N39	cc6c6b5b776fd82e6bbf8ef73c4cb12ddd939102b35fed8a29ae6fba5b56e157	none	
ID-ASR-040	in-domain	asr-style-human-gold	he	ru	ראיתי ילד ליד הגינה.	Я видел ребёнка возле сада.	docs/research/hermes-education-scaleup/rnd-c1-2026-07-24/benchmark_manifest.tsv#N40	e15b6a396a0588b58359b0e752426cf79aedbecfe4c3d5966ec44152cdb00d7c	none	
ID-ASR-041	in-domain	asr-style-human-gold	he	ru	ספר חדש מונח על השולחן.	На столе лежит новая книга.	docs/research/hermes-education-scaleup/rnd-c1-2026-07-24/benchmark_manifest.tsv#N41	75d57c6846cb513b88eb851eeee5daf518ebe1d4010b17a47bbf24401f96800d	none	
ID-ASR-042	in-domain	asr-style-human-gold	he	ru	קניתי ספר בחנות.	Я купил книгу в магазине.	docs/research/hermes-education-scaleup/rnd-c1-2026-07-24/benchmark_manifest.tsv#N42	2ae0137cb8807e7ebc5aa3e248c8cc7b328f7bb1d6d9b6b4c91f335e445d45b3	none	
ID-ASR-043	in-domain	asr-style-human-gold	he	ru	לחם טרי מוכן במטבח.	На кухне готов свежий хлеб.	docs/research/hermes-education-scaleup/rnd-c1-2026-07-24/benchmark_manifest.tsv#N43	ffa2c81ff9f3ec557fb18aa33b55f8b4f5fee602455eb26f210f243aceff36ab	none	
ID-ASR-044	in-domain	asr-style-human-gold	he	ru	אפיתי לחם בבוקר.	Я испёк хлеб утром.	docs/research/hermes-education-scaleup/rnd-c1-2026-07-24/benchmark_manifest.tsv#N44	04ea6b7eefd713f492b098266a7c1611669e5cbcb72627f14359d05e964537b2	none	
ID-ASR-045	in-domain	asr-style-human-gold	he	ru	גשם חזק ירד בלילה.	Ночью шёл сильный дождь.	docs/research/hermes-education-scaleup/rnd-c1-2026-07-24/benchmark_manifest.tsv#N45	f48379866533bfd89328f4abdb9fd48e44358a7d0259e6cb4f8a16e4cba930ee	none	
ID-ASR-046	in-domain	asr-style-human-gold	he	ru	מחר צפוי גשם קל.	Завтра ожидается небольшой дождь.	docs/research/hermes-education-scaleup/rnd-c1-2026-07-24/benchmark_manifest.tsv#N46	7b4f8e03c340041f85c97daa2c79c7d8b4ab085c1a4b99398baf3512633c85e2	none	
ID-ASR-047	in-domain	asr-style-human-gold	he	ru	כלב קטן מחכה בחוץ.	Маленькая собака ждёт снаружи.	docs/research/hermes-education-scaleup/rnd-c1-2026-07-24/benchmark_manifest.tsv#N47	79a4abeab89ea40a738c08ce6844bb35a4deae5e7e0f95b2ee5b11f54ab2ef0a	none	
ID-ASR-048	in-domain	asr-style-human-gold	he	ru	ראיתי כלב ליד השער.	Я видел собаку возле ворот.	docs/research/hermes-education-scaleup/rnd-c1-2026-07-24/benchmark_manifest.tsv#N48	bde57a9063d482b9dc554d657b64a7fa7b7eb95c779411a68c4ed34597727df1	none	
ID-ASR-049	in-domain	asr-style-human-gold	he	ru	שמש חמה זורחת היום.	Сегодня светит жаркое солнце.	docs/research/hermes-education-scaleup/rnd-c1-2026-07-24/benchmark_manifest.tsv#N49	74dfa341b55c94a413dae1bc7dd4683c442044a13277fe26eb427be1436a041d	none	
ID-ASR-050	in-domain	asr-style-human-gold	he	ru	בבוקר ראינו שמש בהירה.	Утром мы увидели яркое солнце.	docs/research/hermes-education-scaleup/rnd-c1-2026-07-24/benchmark_manifest.tsv#N50	cd293e9bf298a5c0416ddb8eb0d901b9f26ed4c2ab241f4613d97be8ef63e1db	none	
ID-LIT-001	in-domain	reading-room-article	he	ru	בין כל הצרות שנתחדשו עלינו בעת האחרונה תעשׂה ביחוד רושם מעציב בלב כל איש ישׂראל התחדשות 'עלילת־הדם'.	Среди всех бед, вновь постигших нас в последнее время, возобновление «кровавого навета» производит особенно печальное впечатление на сердце каждого еврея.	public/data/benyehuda/canon-v4.zip#library/by-10:1	8590245ab27f6909b8af367e14ebde23713bb8d2670166724fbf4c34b5be622b	none	
ID-LIT-002	in-domain	reading-room-prose	he	ru	תור האביב הגיע והחורף עודנו שׂורר בכל תקפו על ארץ רבה.	Пришла весна, а зима всё ещё царит во всей своей силе над обширной страной.	public/data/benyehuda/canon-v4.zip#library/by-113:1	e3aa35eaedb86707dbd69ffac97f23382b07950adea974829827831b4354987e	none	
ID-LIT-003	in-domain	reading-room-poetry	he	ru	אֲשֶׁר עָמְדוּ בִּפְנֵי גַרְזֶן-הַמַּשְׂטֵמָה –	Которые устояли перед топором ненависти —	public/data/benyehuda/canon-v4.zip#library/by-139:1	1f733a9ad67746846e4c9b77553b9cee528b0f03b46f3e1bcd23a85a98385baf	none	
ID-LIT-004	in-domain	reading-room-article	he	ru	העלילה הנתעבה הזאת, בכל יָשנה, היתה ותהיה תמיד בעינינו כחדשה, ומימי הבינים ועד עתה תצטין בפעולתה החזקה על רוח עמנו, לא רק במקום המעשׂה, כי אם גם בארצות רחוקות שהגיעה אליהן השמועה.	Этот отвратительный навет, при всей своей древности, был и всегда будет казаться нам новым; со Средних веков и доныне он отличается сильнейшим воздействием на дух нашего народа — не только там, где совершается само дело, но и в далёких странах, куда доходит весть о нём.	public/data/benyehuda/canon-v4.zip#library/by-10:2	d98a3f2f0d5b5881cc55e93475897a1019d4fb4518df29017790f194339216b4	none	
ID-LIT-005	in-domain	reading-room-prose	he	ru	המעט ממנו המכאובים אשר הביא לעניי אדם זה שישה ירחים!	Разве мало страданий принёс он беднякам за эти шесть месяцев!	public/data/benyehuda/canon-v4.zip#library/by-113:2	ef1800ada4594325ee36b565f1c07e4475c78f7fd813052d70fa60479d230b48	none	
ID-LIT-006	in-domain	reading-room-poetry	he	ru	מַשּׂוֹר הַשִּׁעֲמוּם נִסֵּר קִמְעָה קִמְעָה…	Пила скуки пилила понемногу…	public/data/benyehuda/canon-v4.zip#library/by-139:2	623ae7ea445303a747540a25271fdc6443437f3a0775801d619c480659e4c54d	none	
ID-LIT-007	in-domain	reading-room-article	he	ru	אמרתי: 'על רוח עמנו', כי אמנם רואה אני מקור החזיון הזה לא בסבּות חיצוניות, כי אם עמוק ברוח העם.	Я сказал: «на дух нашего народа», ибо источник этого явления я действительно вижу не во внешних причинах, а глубоко в духе народа.	public/data/benyehuda/canon-v4.zip#library/by-10:3	80ab60473a96e27ec4381285c83c8596d9de7587dc3d246fc11c65c459e9710d	none	
ID-LIT-008	in-domain	reading-room-prose	he	ru	את כל עמלם אכלו התנורים, ומעט תפוחי-האדמה אשר חשׂכו לימי החורף קפאו במרתף; וכל זה איננו שווה לו.	Печи пожрали весь их труд, а немногие картофелины, прибережённые на зиму, замёрзли в погребе; и всего этого ему ещё недостаточно.	public/data/benyehuda/canon-v4.zip#library/by-113:3	5bd0fc15bcd42523a07a898066697be4117d1cc4da898cbbad7249b4da40bd34	none	
ID-LIT-009	in-domain	reading-room-poetry	he	ru	וּבְכֵן – הַקֵּץ, אֵלָיו הִתְגַּעְגֵּעַ	Итак — конец, по которому он тосковал,	public/data/benyehuda/canon-v4.zip#library/by-139:3	195e47026c25a5faab43af74630f65280b8782e9ba852612271c00232dd4018e	none	
ID-LIT-010	in-domain	reading-room-article	he	ru	בימי הבינים, שהיה כלל ישׂראל במקרים כאלה רגיל לחשוב עצמו כעומד במשפט ביחד עם אותם האומללים שעלה עליהם הגורל להיות כפּרותו, – יש מקום אמנם לראות בזה רק תוצאת הסכנה הגשמית הגדולה להכלל כולו, שהיתה כרוכה אז באמת בעקב כל עלילה כזו.	В Средние века, когда весь Израиль в подобных случаях привык считать, что вместе с теми несчастными, которым выпал жребий стать его искупительной жертвой, судят и его самого, — в этом ещё можно видеть лишь следствие огромной физической опасности для всей общины, действительно сопутствовавшей тогда всякому такому навету.	public/data/benyehuda/canon-v4.zip#library/by-10:4	182da8f6bf1bc1045cb2ff0528f835862e45832f1f2bd25dc9a4cc87296abe42	none	
ID-LIT-011	in-domain	reading-room-prose	he	ru	עוד מעט והגיע חג השבועות, והוא – ממקומו לא ימוש.	Вот-вот наступит праздник Шавуот, а он не сдвинется со своего места.	public/data/benyehuda/canon-v4.zip#library/by-113:4	9f7bd70c900a0ff81b0fa422b25ce405425a750cbbbe81bfd2f2ff699e3a1552	none	
ID-LIT-012	in-domain	reading-room-poetry	he	ru	אֵינֶנּוּ שָׂשׂ, אִם גַּם לֹא עוֹד עָצֵב.	Он не ликует, хотя уже и не печален.	public/data/benyehuda/canon-v4.zip#library/by-139:4	c1ebdeee6c89d0a5354d1e17e7081f2b287e8a54be6b4ee900570e520cd33902	none	
ID-LIT-013	in-domain	reading-room-article	he	ru	גם לפני חמשים שנה, בימי מנוחה ושלוה, שעוררה עלילת דמשׂק רעש גדול כל־כך בארצות המערב, עדיין יש מקום לאמר, כי היתה בזה, להפך, יד הקנאה הגדולה לכבודם וזכויותיהם ששׂררה אז בלבות אחינו המערביים, אשר זה מעט יצאו מעבדות לחרות.	Даже пятьдесят лет назад, в дни покоя и благополучия, когда Дамасский навет вызвал такой великий шум в странах Запада, ещё можно было сказать, что здесь, напротив, действовала великая ревность к своей чести и правам, царившая тогда в сердцах наших западных братьев, лишь недавно вышедших из рабства на свободу.	public/data/benyehuda/canon-v4.zip#library/by-10:5	e7b1b59d29bdfe42b26c0711fd874880763f1f2d41e36d2efdad34735517e905	none	
ID-LIT-014	in-domain	reading-room-prose	he	ru	"הנה בוקר לא עבות, והשמש יופיע בהדרו והפיץ קווים חמים על הארץ, העטופה רגבי קרח ושלג, הילדים הקטנים מתפרצים זעיר שם זעיר שם מן ה""חדר"", המלא צחנה וריקבון, החוצה, לשאוף רוח צח ולשחק לפני האורח – השמש."	Вот безоблачное утро; солнце является во всём своём великолепии и разбрасывает тёплые лучи по земле, покрытой глыбами льда и снега; маленькие дети то тут, то там вырываются из «хедера», полного зловония и гнили, наружу — подышать свежим воздухом и поиграть перед гостем-солнцем.	public/data/benyehuda/canon-v4.zip#library/by-113:5	39afc6861df39a7982fb87bec4d51c1396381f71fe3ac97881cc8a3ac657dc6c	none	
ID-LIT-015	in-domain	reading-room-poetry	he	ru	"אל גרם המעלות העומד על כסא דין מו""ה משׁה הלוי עהרענרייך מודינא."	Высокочтимому сановнику, восседающему на судейском престоле, нашему учителю и раввину Моше ха-Леви Эренрайху из Модены.	public/data/benyehuda/canon-v4.zip#library/by-148:1	b7c380a1337d5c94171323f2b6a24215e57610d458afd47e9ca062415e62251e	none	
ID-LIT-016	in-domain	reading-room-article	he	ru	אבל – 'אין רע בלא טוב', כלומר, בלא לקח טוב.	Однако «нет худа без добра», то есть без доброго урока.	public/data/benyehuda/canon-v4.zip#library/by-10:6	24dadd9311bb5ef2f0e52f480612d065bc37f4a145924502a5594e16308948d6	none	
ID-LIT-017	in-domain	reading-room-prose	he	ru	הנערים ישׂיחו כבר על אודות הנהר.	Юноши уже говорят о реке.	public/data/benyehuda/canon-v4.zip#library/by-113:6	3904ea02754564e070098423287b502af250537e9e6362423d373107ac5b043c	none	
ID-LIT-018	in-domain	reading-room-poetry	he	ru	"אתמול שבת קדש ראש חדש שבט שנת התרי""ח קבלתי שירו היקר."	Вчера, в святую субботу, в новомесячье швата 5618 года, я получил Ваше драгоценное стихотворение.	public/data/benyehuda/canon-v4.zip#library/by-148:2	587addf709cb4ede2e237e7a12dd0323d01f514e7bea933707b0c78be6e47e6b	none	
ID-LIT-019	in-domain	reading-room-article	he	ru	גם הרע הגדול הזה שאנו עסוקים בו אינו ריק מלקח טוב, ואנחנו, אשר לא אדונים אנחנו לגורלנו וגם את הטוב גם את הרע נקבל מן החוץ שלא בטובתנו, ראוי לנו לבקש ברעותינו תמיד את התועלת הלמודית הצפונה בהן, והיתה לנו זאת, לפחות, חצי נחמה.	И это великое зло, которым мы заняты, не лишено доброго урока; нам же, не являющимся хозяевами своей судьбы и поневоле принимающим извне и добро, и зло, следует всегда искать в своих бедствиях сокрытую в них поучительную пользу — и пусть это будет для нас хотя бы половиной утешения.	public/data/benyehuda/canon-v4.zip#library/by-10:7	9044281c4bf559850dcb7cb3c849e5433269288ccb2fc9f1bab907aa2996a37c	none	
ID-LIT-020	in-domain	reading-room-prose	he	ru	"יום ל""ג בעומר כבר עבר, האנשים יפשטו את אדרות-הכבשׂים מעליהם ובעלי-המלאכה ישׂמחו לקראת היום הבהיר והחם, ידיהם לא תקפאנה עוד מקור וילדיהם הקטנים ירדו מן המיטות לשׂחק ולהשתעשע."	День Лаг ба-Омера уже миновал; люди снимут с себя овчинные тулупы, а ремесленники обрадуются ясному и тёплому дню: их руки больше не будут коченеть от холода, а маленькие дети слезут с постелей, чтобы играть и забавляться.	public/data/benyehuda/canon-v4.zip#library/by-113:7	63ee6c9e81f47ed3674f08e43ed85d53fe93298d90c582cbcff58bd79300e91c	none	
ID-LIT-021	in-domain	reading-room-poetry	he	ru	ואני כאדם ביקר, אין בידי מחקר; נדדה שנת עיני, שוטטו רעיוני, אמרתי בחפזי1	И я, как человек в почёте, не имею ответа; сон покинул мои глаза, мысли мои блуждали, и я поспешно сказал:	public/data/benyehuda/canon-v4.zip#library/by-148:3	0a3174ee17d1a8fce84f152d608accdbf90e5d475d462513da55da8a983ef200	none	
ID-LIT-022	in-domain	reading-room-article	he	ru	אחד הכוחות היותר גדולים בחיי החברה הוא – 'ההסכמה הכללית'.	Одна из величайших сил общественной жизни — это «всеобщее согласие».	public/data/benyehuda/canon-v4.zip#library/by-10:8	290e4bf5165067e62c6f0a7865a03051f114a909e3e7c0e4021531adb1eb0be4	none	
ID-LIT-023	in-domain	reading-room-prose	he	ru	הערב גם הוא חם ונעים, השמים טהורים, רבבות כוכבים נוצצים ומזהירים, והתקוָה תתגנב אל לבב כל גבר, כי עוד מעט ובא האביב.	Вечер тоже тёплый и приятный, небо чисто, десятки тысяч звёзд сверкают и сияют, и в сердце каждого человека крадётся надежда, что скоро придёт весна.	public/data/benyehuda/canon-v4.zip#library/by-113:8	4699f70c117ee7804f8d0986085b9dc0def9fff8d0585f3f0507627b0e7e306e	none	
ID-LIT-024	in-domain	reading-room-poetry	he	ru	שיר מורכב עם יתד על השלישית ומשקלו ז' הברות אבל לשלשה טורים ראשונים ו' הברות בלבד; וצורתו כשיר זהב עם ג' בתים מרובעים; וכל הסוגרים חורזים כאחד.	Стих составлен с «йатедом» на третьем слоге; его размер — семь слогов, но в первых трёх строках — только шесть; по форме он подобен «золотому стиху» с тремя четверостишиями, и все заключительные полустишия рифмуются между собой.	public/data/benyehuda/canon-v4.zip#library/by-148:4	a68dedd9a94b30c63114543debe8f767450e45688140ea0e459baca9a8f18141	none	
ID-LIT-025	in-domain	reading-room-article	he	ru	היו ימים שגם הפלוסופים ראו בהסכמה זו מופת נאמן על הדבר המוסכם ונתנו לה מקום בתוך שאר מופתיהם על מציאות האלהות.	Были времена, когда и философы считали это согласие надёжным доказательством истинности общепринятого и помещали его среди прочих своих доказательств существования Бога.	public/data/benyehuda/canon-v4.zip#library/by-10:9	fc2d6acc3bcba393b39951f940b3f937128a8390852d3d7ae04bc8f8a69e5414	none	
ID-LIT-026	in-domain	reading-room-prose	he	ru	וַיהי ערב וַיהי בוקר – והנה אד אפל יכס את כל היקום, השמים מתכסים בעננים, וגגות הבתים – בשלג.	И был вечер, и было утро — и вот тёмный туман покрывает всю вселенную, небо затягивается облаками, а крыши домов — снегом.	public/data/benyehuda/canon-v4.zip#library/by-113:9	e6ecf7345c88244b9ddb88981ae6879a88a49907152c50ff065e47156ce2af66	none	
ID-LIT-027	in-domain	reading-room-poetry	he	ru	בָּאתִי עָדֶיךָ, אֵל נִשְׁכָּח מֵעוֹלָם,	Я пришёл к тебе, бог, забытый испокон веков,	public/data/benyehuda/canon-v4.zip#library/by-174:1	4ae6398086c3cf4d2e62294291229e68102b6a3b7117a2280581d0ea80f44cfe	none	
ID-LIT-028	in-domain	reading-room-article	he	ru	עתה אמנם יודעים הפלוסופים , שאין שקר ואין אולת אשר לא תוכל לבוא עליו 'ההסכמה הכללית', אם אך תנאי החיים נאותים לזה.	Теперь, однако, философы знают, что нет такой лжи и такого безумия, которые не могли бы получить «всеобщего согласия», если только условия жизни этому благоприятствуют.	public/data/benyehuda/canon-v4.zip#library/by-10:10	45bc504fab84e026b403b07fd29ef65f094f0f51fabb3d33c5609d57f1896d16	none	
ID-LIT-029	in-domain	reading-room-prose	he	ru	מדמנה בחוצות וקרום כפור דק זעֵיר שם עליה.	На улицах грязь, и кое-где на ней лежит тонкая корка инея.	public/data/benyehuda/canon-v4.zip#library/by-113:10	e6fcff1ba4bc0da91e55b8ef1e8f3513e0cc42d4a267d7208d77249123b6f43a	none	
ID-LIT-030	in-domain	reading-room-poetry	he	ru	מוֹלֵךְ עַל זִרְמֵי בְנֵי־אָדָם רַעְנַנִּים,	Царящий над потоками цветущих сынов человеческих,	public/data/benyehuda/canon-v4.zip#library/by-174:2	b68039eee06c3a81a9566079ef0e8829eae23b97ebfa2f235ed0d6346b66d515	none	
ID-LIT-031	in-domain	reading-room-article	he	ru	– זה הוא בקירוב מהלך הרעיונות של האיש הפשוט, בדעת או בלי דעת ברורה, ומתוך כך הוא מסכים גם מצדו ונעשׂה בעצמו חלק מן 'ההסכמה'.	Таков приблизительно ход мыслей простого человека — осознанный или не вполне осознанный; поэтому и он со своей стороны соглашается и сам становится частью «согласия».	public/data/benyehuda/canon-v4.zip#library/by-10:11	36fec78f3985f485d386b519391bf922f4c8ba0f2d0375f9e5d1c04eed02a727	none	
ID-LIT-032	in-domain	reading-room-prose	he	ru	עוד מעט ופתותי שלג נופלות ארצה, ואחריהן – גשם שוטף וקר.	Ещё немного — и снежинки падают на землю, а вслед за ними льёт холодный проливной дождь.	public/data/benyehuda/canon-v4.zip#library/by-113:11	cab4f27223db54a83114b4621ae7aa1ace3661c33087aa7bd2dd3250ca9809ef	none	
ID-LIT-033	in-domain	reading-room-poetry	he	ru	אֵל דּוֹר אַדִּירִים וּנְפִילִים בָּאָרֶץ,	Бог поколения могучих и исполинов на земле,	public/data/benyehuda/canon-v4.zip#library/by-174:3	647b58a2b2b8285ba7bd8b6ba014545e21f24731de352402e9c20b8ceb65c60b	none	
ID-LIT-034	in-domain	reading-room-article	he	ru	וכל־כך גדול כוח 'ההסכמה', עד שעל הרוב לא יוכל האדם למַלט נפשו מפעולתה גם כשהוא עצמו הוא 'הדבר המוסכם'.	Сила «согласия» столь велика, что чаще всего человек не может избавиться от его воздействия даже тогда, когда он сам является «предметом согласия».	public/data/benyehuda/canon-v4.zip#library/by-10:12	e15844e231c49648201ef3b335fb4ed509226dd47ad5785e9e86019db565ea78	none	
ID-LIT-035	in-domain	reading-room-prose	he	ru	אך לא לעולם חוסן האכזר הזקן.	Но не вечно продлится власть жестокого старика.	public/data/benyehuda/canon-v4.zip#library/by-113:12	a1e90fd863c5d06f51064615e2e0fb5236f9ab1f1aacbb01e46a05fd5ce7ecc0	none	
ID-LIT-036	in-domain	reading-room-poetry	he	ru	כּוֹבֵשׁ בִּזְרוֹעוֹ גַּם גְּבוּל שׁוֹכְנֵי רָמִים	Покоряющий своей рукой и предел обитателей высот,	public/data/benyehuda/canon-v4.zip#library/by-174:4	a2368c670b7ba6519ef3ca081444e8f4abed50307ffcebc1e6a20d7ef82488a9	none	
ID-LIT-037	in-domain	reading-room-article	he	ru	"אם 'כל העולם' אומרים על פלוני שגדול הוא בחכמה או ביראה, שיש בו מדה פלונית, טובה או רעה, – סופו להסכים לזה גם בעצמו, אע""פ שמתחלה לא מצא בנפשו אותו היתרון או החסרון שאחרים מיחסים לו."	Если «весь мир» говорит о таком-то человеке, что он велик мудростью или богобоязненностью либо что ему присуще такое-то качество, хорошее или дурное, — в конце концов он и сам с этим соглашается, хотя первоначально не находил в себе ни того достоинства, ни того недостатка, которые приписывали ему другие.	public/data/benyehuda/canon-v4.zip#library/by-10:13	30aa7b219223586c100b873d4f641d9be9a227aeec6406226f025b4a7722f130	none	
ID-LIT-038	in-domain	reading-room-prose	he	ru	עוד שבוע, עוד שבועים וקצו יבוא.	Ещё неделя, ещё две — и придёт его конец.	public/data/benyehuda/canon-v4.zip#library/by-113:13	a900785cd824b3332e3604cbf0bad0a31383c3598059b91ea3f0de9c178e9ebd	none	
ID-LIT-039	in-domain	reading-room-poetry	he	ru	לָשִׁית נוֹסָפוֹת עַל סוֹד מוֹשְׁלֵי תֵבֵל;	Чтобы прибавиться к сонму властителей мира;	public/data/benyehuda/canon-v4.zip#library/by-174:5	e64bff7b04469fdff561e2d85f51c0f28c147dedd8ec8a008754e369dff8afa5	none	
ID-LIT-040	in-domain	reading-room-article	he	ru	ולא זו בלבד אלא שההסכמה הזאת מצד 'המוסכם' עצמו פועלת מעט מעט על תכונת רוחו עד שמקרבתו באמת (או, לפחות, מולידה בו נטיה להתקרב) אל המצב ההוא שרואה בו 'כל העולם'.	И не только это: согласие самого «предмета согласия» понемногу воздействует на склад его духа, пока действительно не приближает его — или по крайней мере не порождает в нём склонности приблизиться — к тому состоянию, в котором его видит «весь мир».	public/data/benyehuda/canon-v4.zip#library/by-10:14	f57e7988921ad82d288d9e23239516c202e39daca4f6f87690ff7d8543fca51f	none	
ID-LIT-041	in-domain	reading-room-prose	he	ru	יד הצעיר המלא כוח-עלומים תגבר עליו, ויירשנו; אולם מי יעצור כוח לשׂאת את ידו הקשה עד העת ההיא?	Рука молодого, полного юношеской силы, одолеет его и унаследует его власть; но кто сумеет вынести его тяжёлую руку до той поры?	public/data/benyehuda/canon-v4.zip#library/by-113:14	37e7a1291648850ec0c86c7d29d6462962c0f08932e8c90942b80afbd142cc88	none	
ID-LIT-042	in-domain	reading-room-poetry	he	ru	דּוֹר אֵל בָּאָרֶץ, שְׁכוּר שֶׁפַע הַחַיִּים,	Поколение-бог на земле, опьянённое изобилием жизни,	public/data/benyehuda/canon-v4.zip#library/by-174:6	15fb1e25c8f7a176b9b95a0aaf4e33abea2357d096909f25a587943dd22a4c61	none	
ID-LIT-043	in-domain	reading-room-article	he	ru	על כן יזהירו הפדגוגים בצדק, לבלתי עורר את הילדים על מגרעותיהם המוסריות בראשית התפתחותן, וכל שכּן לבלתי יחס להם מגרעות שאין בהם, כי על ידי זה אפשר שנחזק בלבם את הראשונות ונוליד בם נטיה להאחרונות.	Поэтому педагоги справедливо предостерегают: не следует обращать внимание детей на их нравственные недостатки в самом начале их развития, а тем более приписывать им недостатки, которых у них нет, ибо этим можно укрепить в их сердцах первые и породить склонность ко вторым.	public/data/benyehuda/canon-v4.zip#library/by-10:15	0a7a7e6fbeddffbc46313a8e3cbefbf0a4ea3615490916558244f091bc0714ac	none	
ID-LIT-044	in-domain	reading-room-prose	he	ru	יש אשר החורף והאביב מתחלפים זה בזה פעמים אחדות ביום אחד.	Бывает, что зима и весна несколько раз сменяют друг друга в течение одного дня.	public/data/benyehuda/canon-v4.zip#library/by-113:15	7c7051169b76e1d8bf7282c6c011f3773725cc8e4dbe0932f864a2a040272c80	none	
ID-LIT-045	in-domain	reading-room-poetry	he	ru	נָכְרִי לְגוֹי חוֹלֶה וּלְבֵית הַכּוֹאֲבִים.	Чуждый больному народу и дому скорбящих.	public/data/benyehuda/canon-v4.zip#library/by-174:7	cbf9b65edc3deb0858b4e03dcce66e2fe1e42e7f9d3010b9a2947dba0cabd893	none	
ID-LIT-046	in-domain	reading-room-article	he	ru	ואולם, הדבר מובן, כי 'כל העולם' אינו אחד לכל אחד.	Однако понятно, что «весь мир» для каждого человека не один и тот же.	public/data/benyehuda/canon-v4.zip#library/by-10:16	3df240c9451d750b624f1f4e11fe4e6fefe1602106ec6b89fa068b12c8ba8b4e	none	
ID-LIT-047	in-domain	reading-room-prose	he	ru	ביחוד רע ומר אז לנשים נושׂאות הסלים.	Особенно тяжело и горько в такую пору женщинам, несущим корзины.	public/data/benyehuda/canon-v4.zip#library/by-113:16	dc3608f080e0b22d4fdf9d8e7fdf80212630ca10a1a188388869c00a59ea0aa3	none	
ID-LIT-048	in-domain	reading-room-poetry	he	ru	אֵל גִּיל הַחַיִּים בְּכָל עָשְׁרָם וַהֲדָרָם,	Бог радости жизни во всём её богатстве и великолепии,	public/data/benyehuda/canon-v4.zip#library/by-174:8	db3e1281ed4558e791970928d87453b5959c7f5dd182688853aa0c54a6998953	none	
ID-LIT-049	in-domain	reading-room-article	he	ru	האדם רואה 'עולמו' רק באותה החברה שהוא חושב עצמו לחלק ממנה ורואה באישיה אנשים הקרובים לו מאיזה צד; אבל אין אדם חושב למאומה הסכמת אנשים שרוחם זרה לו לגמרי, שאינו מרגיש בנפשו שום יחס פנימי בינו ובינם.	Человек видит свой «мир» только в том обществе, частью которого считает себя и в членах которого видит людей, в чём-либо близких ему; согласие же людей, чей дух ему совершенно чужд и с которыми он не ощущает никакой внутренней связи, ничего для него не значит.	public/data/benyehuda/canon-v4.zip#library/by-10:17	99a2d57f3568ffbdf7bd6564aef97f0d465102a3b7e3b38b2307e378a43af42a	none	
ID-LIT-050	in-domain	reading-room-prose	he	ru	הגשם והשלג יורדים ארצה ומרטיבים את בגדיהן.	Дождь и снег падают на землю и промачивают их одежду.	public/data/benyehuda/canon-v4.zip#library/by-113:17	a2261daafd3f55f2b0e556ded8c3ca1f5b3ce59040e38e54550448add7adcbea	none	
ID-LIT-051	in-domain	reading-room-poetry	he	ru	בָּאתִי עָדֶיךָ, - הַאִם הִכַּרְתָּנִי?	Я пришёл к тебе — узнал ли ты меня?	public/data/benyehuda/canon-v4.zip#library/by-174:9	bbf6f6489712bd33d0146ab3ab594a657c3ece02dde63a72c208384ce80eb58f	none	
ID-LIT-052	in-domain	reading-room-article	he	ru	ככה אין האוֹרתוֹדוֹכּסים והמשׂכילים שלנו שׂמים לב כלל אלו להסכמתם של אלו, אף בדברים שאינם נוגעים לאמונה ודת, ושׂחקם ולעגם של אלו על אלו אינו עושׂה שום רושם בלבם של שניהם, לפי שכּל אחת משתי הכּתּות רואה את חברתה כאלו אינה.	Так наши ортодоксы и просветители совершенно не считаются с мнением друг друга даже в вопросах, не касающихся веры и религии; смех и насмешки одних над другими не производят впечатления ни на тех, ни на других, потому что каждая из двух групп смотрит на другую так, словно её не существует.	public/data/benyehuda/canon-v4.zip#library/by-10:18	64070975e7a2fbe366b418699be4433ad0f3ca916db4480ba1d1860998463464	none	
ID-LIT-053	in-domain	reading-room-prose	he	ru	כל עצמותיהן רועדות מקור והן שולחות את אצבעותיהן הקופאות אל קדירות הגחלים אשר תחתיהן, ופתאום תגיח קרה ובגדיהן הרטובים מהגשם ומהשלג ידבקו אל בשׂרן, הפירות והתופינים אשר בסליהן יקפאו.	Все их кости дрожат от холода; они протягивают замерзающие пальцы к горшкам с углями под ними, и вдруг ударяет мороз: одежда, промокшая от дождя и снега, прилипает к телу, а фрукты и сладости в корзинах замерзают.	public/data/benyehuda/canon-v4.zip#library/by-113:18	551551e2c314b47dab995c71499be50c1a723293193c4e73307b4cd84e9649ff	none	
ID-LIT-054	in-domain	reading-room-poetry	he	ru	הִנְנִי הַיְּהוּדִי: רִיב לָנוּ לְעוֹלָמִים!…	Вот я, еврей: наш спор — навеки!…	public/data/benyehuda/canon-v4.zip#library/by-174:10	c94883b42c527094355b3433433826f2c0af65a383039c7f9fe788fdfb1e1f83	none	
ID-LIT-055	in-domain	reading-room-article	he	ru	ואולם כשתנאי החיים מכריחים את בני הכתות השונות להמצא במשׂא ומתן תמידי זה עם זה והם מתרגלים לראות זה בזה קודם כל את האדם, – אז יתרחב 'עולמם' והשקפותיהם סובלות שנויים רבים על פי הסכמת 'העולם' במובנו החדש.	Но когда условия жизни заставляют людей из разных групп постоянно иметь дело друг с другом и они привыкают видеть друг в друге прежде всего человека, их «мир» расширяется, а взгляды претерпевают множество изменений под воздействием согласия «мира» в его новом значении.	public/data/benyehuda/canon-v4.zip#library/by-10:19	d98c52b4948fdccdbf03543182306a3f5d18712586265c8eca89be4bc701356e	none	
ID-LIT-056	in-domain	reading-room-prose	he	ru	הנה השמש יופיע מבין העננים ומחומו יימס הכפור אשר על הבגדים ויהי למים נוטפים ארצה, והנשים תשאפנה אל קרבן את האוויר החם במאמצי-כוח.	Вот солнце показывается из-за облаков; от его тепла иней на одежде тает и превращается в воду, капающую на землю, а женщины изо всех сил втягивают в себя тёплый воздух.	public/data/benyehuda/canon-v4.zip#library/by-113:19	1ebc5540acb17d7081791cab9877970a4c0f18df6cf2eb077b1cf0847cef83b6	none	
ID-LIT-057	in-domain	reading-room-poetry	he	ru	לְמַלֵּא עַד פִּיהָ בִּשְׁאוֹנָם וַהֲמוֹנָם.	Наполнить её до краёв их шумом и гомоном.	public/data/benyehuda/canon-v4.zip#library/by-174:11	cac14277ea29c1f360dd29fa90aa92f4b38cee0cca7de8fc3387c74a6bc6f30b	none	
ID-LIT-058	in-domain	reading-room-article	he	ru	לפיכך, בדורות שעברו, כשהיו אבותינו מאמינים בפשטו של 'אתה בחרתנו', לא היתה החרפּה שחרפום האומות פועלת כלל על טוהר נפשם פנימה.	Поэтому в прошлых поколениях, когда наши предки буквально верили в слова «Ты избрал нас», оскорбления народов совершенно не воздействовали на внутреннюю чистоту их душ.	public/data/benyehuda/canon-v4.zip#library/by-10:20	b9e12953d0bce16a328370919163998e52bd99db7450deaabf38696d37e4a581	none	
ID-LIT-059	in-domain	reading-room-prose	he	ru	וכעבור רגעים מספר יתחולל עוד הפעם רוח קר ויביא עננים שחורים בכנפיו, השמש איננו ופתותי שלג גדולות יורדות ומכסות את הנשים וסחורותיהן גם יחד.	И через несколько мгновений снова поднимается холодный ветер, несущий на своих крыльях чёрные тучи; солнце исчезает, и крупные снежинки падают, покрывая и женщин, и их товары.	public/data/benyehuda/canon-v4.zip#library/by-113:20	d73f45e9adbb648bb961fe993cbed2e31ad28f1151b5262519b673aee32a0038	none	
ID-LIT-060	in-domain	reading-room-poetry	he	ru	שְׁחָקִים וְרַחַב עֲרָבוֹת הֵן קָצְרוּ	Небеса и простор степей оказались тесны,	public/data/benyehuda/canon-v4.zip#library/by-174:12	443a0207137b62d4d8fbe4361854f87233043f9d4155ae78b094dcfb77e88633	none	
ID-LIT-061	in-domain	reading-room-article	he	ru	הם ידעו את ערכם ולא התפעלו עד מה מן 'ההסכמה הכללית' אשר מחוץ להם, בהיות כל חברת 'המסכימים' נחשבת בעיניהם למין מיוחד של בריות זרות להם ושונות מהם שנוי עצמי, בלי כל יחס וכל דמיון בינם ובינן.	Они знали себе цену и почти не поддавались влиянию внешнего «всеобщего согласия», поскольку всё общество «согласных» представлялось им особым видом чуждых существ, по самой своей природе отличных от них, без всякой связи и сходства между ними.	public/data/benyehuda/canon-v4.zip#library/by-10:21	e47ecae17fd926d704e857487b9ea573df3745fec5e339fe9175aafae71e8df3	none	
ID-LIT-062	in-domain	reading-room-prose	he	ru	"חמת ה' נתכה על עוללים ויונקים, בקרב ""התולעים הקטנים"" – מגיפת ה', מבתי-המדרש ומבית-הכנסת יישמע קול בכי ויללה."	Гнев Господень излился на младенцев и грудных детей; среди «маленьких червячков» разразилась Божья эпидемия, а из домов учения и синагоги доносится плач и вопль.	public/data/benyehuda/canon-v4.zip#library/by-113:21	aaeed59266671c6c88b0a921b0548ec807c67d9999584592ae11975213e7f90e	none	
ID-LIT-063	in-domain	reading-room-poetry	he	ru	לֶכֶת מִכָּל אֲשֶׁר הָיוּ לְפָנַי	Идти дальше всех, кто был прежде меня,	public/data/benyehuda/canon-v4.zip#library/by-174:13	1970c4c261b7c9993db8fb195b2dc3452f801acc1618ad4418839ae22fea3ed8	none	
ID-LIT-064	in-domain	reading-room-article	he	ru	אז היה היהודי יכול לשמוע במנוחת לב כל המגרעות המוסריות והחטאים המעשׂיים שטפלה עליו הסכמת העמים, מבלי להרגיש בנפשו שום בושה או שפלוּת פנימית.	Тогда еврей мог спокойно выслушивать все нравственные недостатки и практические грехи, которые приписывало ему согласие народов, не испытывая ни стыда, ни внутреннего унижения.	public/data/benyehuda/canon-v4.zip#library/by-10:22	187ef243c2649fc7064b2a4f0138aac1773c42c9ba5cf20ec25c98241b2997d0	none	
ID-LIT-065	in-domain	reading-room-prose	he	ru	זעקת אמהות רחמניות קורעת שמים.	Крик сострадательных матерей раздирает небеса.	public/data/benyehuda/canon-v4.zip#library/by-113:22	86db82e9ee44ae58df28f37e329cfbde725f72f76d7043cd8253adcb8abebd40	none	
ID-LIT-066	in-domain	reading-room-poetry	he	ru	וְאַחֲרַי בִּנְתִיב יֵתַע אָדָם בֶּן־תְּמוּתָה, -	И вслед за мною по тропе заблудится смертный человек, —	public/data/benyehuda/canon-v4.zip#library/by-174:14	3c7463fb43161956e5886a090afe9f06d791760d44ae7ca42fbc6af16c0457b0	none	
ID-LIT-067	in-domain	reading-room-article	he	ru	כי מה לו ולמחשבות 'הנכרים' עליו ועל ערכּוֹ?	Какое ему дело до мыслей «чужеземцев» о нём и о его достоинстве?	public/data/benyehuda/canon-v4.zip#library/by-10:23	00288af3383be9a255049cec3aed6cb6446770fb0dca564b21d600cd592e6bcf	none	
ID-LIT-068	in-domain	reading-room-prose	he	ru	"נרות למאות יאירו בכל פינות בתי-התפילה ו""החברת תהילים"" לא תדום אף רגע מהתפלל בעד החולים הקטנים."	Сотни свечей горят во всех уголках молитвенных домов, а «общество чтения Псалмов» ни на мгновение не прекращает молиться за больных детей.	public/data/benyehuda/canon-v4.zip#library/by-113:23	cf7e65fa08833a8928e3cd3d5618b5524139cfa4ddb24c07d31286d5911566ac	none	
ID-LIT-069	in-domain	reading-room-poetry	he	ru	רֶגַע בּוֹ קַצְתִּי בִּגְסִיסָה לַדּוֹרוֹת,	Мгновение, когда мне опротивело умирать из поколения в поколение,	public/data/benyehuda/canon-v4.zip#library/by-174:15	12e5be992e0a412e4c1b2cf4c66aa168347de5a26d51f1b0b103ea76bbfc00c7	none	
ID-LIT-070	in-domain	reading-room-article	he	ru	לוּ רק יתנו לו לישב בשלוה!	Лишь бы ему позволили жить спокойно!	public/data/benyehuda/canon-v4.zip#library/by-10:24	1f1d19bbc300f44e4067830cca18d9efaef77165851a29a37c3641e46e6d802c	none	
ID-LIT-071	in-domain	reading-room-prose	he	ru	אסכרה, אדמת ואבעבועות – וכפעם בפעם יכבה נר שעוָה ירוק וקטן.	Дифтерия, корь и оспа — и время от времени гаснет маленькая зелёная восковая свеча.	public/data/benyehuda/canon-v4.zip#library/by-113:24	621e127a9a5a31168b956bfc4293690572e8c5c40da44fa20b62d697d78ee919	none	
ID-LIT-072	in-domain	reading-room-poetry	he	ru	בְּמוֹעֵד בּוֹ אֶשְׁבֹּר אֲזִקֵּי הַנֶּפֶשׁ,	В назначенный час, когда я разобью оковы души,	public/data/benyehuda/canon-v4.zip#library/by-174:16	5fbcbf3611aa77f41693bf236b5a018c536521ceec5910fd3ec154b8ad4b2012	none	
ID-LIT-073	in-domain	reading-room-article	he	ru	– אבל בדור הזה אין הדבר כן, עתה 'עולמנו' נתרחב הרבה, וההסכמה האירופּית פועלת עלינו בחזקה בכל ענפי החיים.	Но в нынешнем поколении дело обстоит иначе: теперь наш «мир» значительно расширился, и европейское согласие сильно воздействует на нас во всех областях жизни.	public/data/benyehuda/canon-v4.zip#library/by-10:25	c2846b102b186625b369da6d33d31e6c17d0d7d58e58513d461297440a587a14	none	
ID-LIT-074	in-domain	reading-room-prose	he	ru	"את השעוָה תכלינה המחלות, ואת הפתיל ישאו ה""נושׂאים"" בעריבה אל חצר המוות."	Болезни уничтожают воск, а фитиль «носильщики» уносят на носилках во двор смерти.	public/data/benyehuda/canon-v4.zip#library/by-113:25	3e62fe579e1d03b85bdcea1a4c4b2f20316f3117448e50ff1f233af004e3d727	none	
ID-LIT-075	in-domain	reading-room-poetry	he	ru	זָקֵן הָעָם – אֱלֹהָיו זָקְנוּ עִמּוֹ!	Состарился народ — и его боги состарились вместе с ним!	public/data/benyehuda/canon-v4.zip#library/by-174:17	9ae60350321c9ff802b2066249e949815ccc26950e2ca6f6abec56d10800b7f4	none	
ID-LIT-076	in-domain	reading-room-article	he	ru	ולפי שאין אנו מוציאים עוד את 'הכל' מן הכלל, לכן נתפעל בעל כרחנו ממה ש'הכל' מוציאים אותנו מן הכלל, סופר אחד רוסי שאל באלו הימים בתמימוּת: אחר שכל העולם שׂונאים את היהודים, וכי אפשר לאמור, שכל העולם חייבים והיהודים זכאים?	И поскольку мы больше не исключаем «всех» из общего целого, нас поневоле задевает то, что «все» исключают из него нас. Один русский писатель недавно простодушно спросил: если весь мир ненавидит евреев, разве можно сказать, что весь мир виноват, а евреи невиновны?	public/data/benyehuda/canon-v4.zip#library/by-10:26	29141c85cc973372cc7e4754a7b0f02dd095a51001f477022f856ae3c3b1abfe	none	
ID-LIT-077	in-domain	reading-room-prose	he	ru	"""והחזיקו שבע נשים באיש אחד"" – הוא רופא העיר, ומי זה לא ידע את הרופא?"	«И ухватятся семь женщин за одного мужчину» — это городской врач; да кто же не знает врача?	public/data/benyehuda/canon-v4.zip#library/by-113:26	17e758fa802e1a1fe8809fa0e8efdbb571d643caf41e4993fa0ef8bea78fa905	none	
ID-LIT-078	in-domain	reading-room-poetry	he	ru	קָמוּ לִתְחִיָּה מִמַּסְגֵּר מְאַת דּוֹרוֹת.	Воскресли из заточения сотен поколений.	public/data/benyehuda/canon-v4.zip#library/by-174:18	9e04424e3006f4a646bc774785ceec093f97afaa595d20c2ddd07294723611e8	none	
ID-LIT-079	in-domain	reading-room-article	he	ru	– ושאלה כזו מתגנבת עתה גם אל לב רבים מאחינו: וכי אפשר לאמור, שכל אותן התכונות הנשחתות והמעשׂים הרעים שכל העולם מיחס ליהודים אינם אלא 'בדותא'?	И такой вопрос теперь проникает в сердца многих наших братьев: неужели все те испорченные свойства и дурные поступки, которые весь мир приписывает евреям, — лишь «выдумка»?	public/data/benyehuda/canon-v4.zip#library/by-10:27	8d79d43ac960a3ff645faa35db172990a60314e24847628e915cdaee6f6f5e93	none	
ID-LIT-080	in-domain	reading-room-prose	he	ru	"שמואל עושׂה-החבלים הוא אביו, וב""חדרי"" העיר למד מנעוריו."	Шмуэль-канатчик — его отец, а с юности он учился в городских «хедерах».	public/data/benyehuda/canon-v4.zip#library/by-113:27	dd8314040327b9f9c10baaa2e5c433c9e651450a782202080b30ee5b849149d4	none	
ID-LIT-081	in-domain	reading-room-poetry	he	ru	פִּסְלְךָ – סֵמֶל הַמָּאוֹר בַּחַיִּים;	Твой изваянный образ — символ светила жизни;	public/data/benyehuda/canon-v4.zip#library/by-174:19	9d2ac68830bbbd0356769ea104fd6c338889da0a8d89b2eb64e606fab6b02243	none	
ID-LIT-082	in-domain	reading-room-article	he	ru	והספק הזה, מכיון שנתעורר, מוצא לו מחיה בנקל באותם ההיקשים המוטעים 'מן הפרט אל הכלל' הרגילים מאד אצל המון בני האדם.	А раз сомнение возникло, оно легко находит себе пищу в тех ошибочных умозаключениях «от частного к общему», которые столь обычны среди людской массы.	public/data/benyehuda/canon-v4.zip#library/by-10:28	9b888f621bd23d0ae5f79af926f5fd439190a2ec013f26c06e85b4fd58cd10bd	none	
ID-LIT-083	in-domain	reading-room-prose	he	ru	"נשי רבותיו תקראנה אותו עד היום בשם ""יעַקלה"", הנשים הצעירות, אשר שׂחקו אתו יחד בחול בילדותן, תקראנה לו ""אדוני גוֹלדרינג"", ואלה אשר לא ידעוהו מעודן – ""אדוני הרופא""."	Жёны его учителей и поныне называют его «Янкеле»; молодые женщины, игравшие с ним в детстве в песке, называют его «господин Голдринг», а те, кто никогда прежде его не знал, — «господин доктор».	public/data/benyehuda/canon-v4.zip#library/by-113:28	52b925f57b637fdb94f1d47e625f44bcab0c551d1f1e1be3526073aac38bb8b5	none	
ID-LIT-084	in-domain	reading-room-poetry	he	ru	לַאֲשֶׁר הוּא נִשָּׂא בִּמְלֹא כָּל הָעוֹלָם,	Тому, кто возвышен во всей полноте мира,	public/data/benyehuda/canon-v4.zip#library/by-174:20	85e6d930e2b43f1bc1ef6c241f81286b35bbfda2dff48a188a087a194901634f	none	
ID-LIT-085	in-domain	reading-room-article	he	ru	הספור הידוע על דבר נוסע אחד, שבא לאחת הערים ונזדמן לאכסניא שהיה בה משרת כבד־פה, וכתב בפנקסו: בעיר פלונית משרתי האכסניות הם כבדי־פה, – הספור הזה מצייר בצורה של התוּל דרכי־ההגיון של ההמון ברוב משפטיו הכלליים.	Известный рассказ о путешественнике, который прибыл в один город, остановился в трактире с косноязычным слугой и записал в своей книжке: «В таком-то городе трактирные слуги косноязычны», — в шутливой форме изображает логику толпы в большинстве её общих суждений.	public/data/benyehuda/canon-v4.zip#library/by-10:29	f39a8c732e8a726c3edce3450e204ed3c7aa338148b4ff58114fb7092a1f8129	none	
ID-LIT-086	in-domain	reading-room-prose	he	ru	"כל אנשי העיר יזכרו עוד את העת, אשר החל ללמוד ""חומש"" ולהניח תפילין."	Все жители города ещё помнят то время, когда он начал учить «Хумаш» и накладывать тфилин.	public/data/benyehuda/canon-v4.zip#library/by-113:29	0ac985f93ebbf7d028cea00051bcea7514c3199be891f707361caa92b80d4244	none	
ID-LIT-087	in-domain	reading-room-poetry	he	ru	לַאֲשֶׁר הוּא נֶהְדָּר בִּמְלֹא כָּל הַבְּרִיאָה,	Тому, кто великолепен во всей полноте творения,	public/data/benyehuda/canon-v4.zip#library/by-174:21	5fccf43b0bf846599f8600a643a0216b82de4af067fd3a15fc0b86cb32d0398d	none	
ID-LIT-088	in-domain	reading-room-article	he	ru	– על משפטים ממין זה תוכל להשען, וגם תשען באמת, ההסכמה הכללית ביחוסה אלינו: פלוני ופלוני הם יהודים לפי שמם ורמאים לפי תכוּנתם; שמע מינה, שהיהודים הם לפי תכונתם רמאים.	На суждения подобного рода может опереться — и действительно опирается — всеобщее согласие в своём отношении к нам: такой-то и такой-то по имени евреи, а по характеру мошенники; следовательно, евреи по своему характеру мошенники.	public/data/benyehuda/canon-v4.zip#library/by-10:30	56dd226aa9f921fb6be29526ae5dddae2efdc91d80c06b85245f659dd592c2a3	none	
ID-LIT-089	in-domain	reading-room-prose	he	ru	"אחדים יזכרו גם את ""הדרשה"", אשר דרש לפני הקרואים אל המשתה, אשר עשׂה אז אביו – הוא היה באמת ""עילוּי שבעילוּיים""."	Некоторые помнят и «проповедь», которую он произнёс перед гостями на пиршестве, устроенном тогда его отцом: он и в самом деле был «гением среди гениев».	public/data/benyehuda/canon-v4.zip#library/by-113:30	1732239f0b27543292400173350986209f4f02da62694baf2d0981dd6e8c498a	none	
ID-LIT-090	in-domain	reading-room-poetry	he	ru	לַאֲשֶׁר יֵשׁ מְרוֹמָם בְּסוֹד־סוֹדוֹת הַיְצִירָה.	Тому, кто высоко вознесён в сокровенной тайне мироздания.	public/data/benyehuda/canon-v4.zip#library/by-174:22	65c37759950d084d424115bb0bee70ef6f308f3e54cc50501c58da8e92b03807	none	
ID-LIT-091	in-domain	reading-room-article	he	ru	וכדי לברר הדבר, צריך לבדוֹק תחלה אותם 'האחרים' המשתתפים יחד עם היהודים בכללים אחרים.	Чтобы прояснить дело, прежде следует исследовать тех «других», которые вместе с евреями входят в иные общие категории.	public/data/benyehuda/canon-v4.zip#library/by-10:31	843546f6bf0d435a4dc16b5773a889f4d500d14f9b592068f67cba291303954c	none	
ID-LIT-092	in-domain	reading-room-prose	he	ru	וכאשר החליט שמואל אביו לשלחו אל הגימנזיום, בכתה אמו הצדקנית בלי הפוגה, עד אשר כלו בדמעות עיניה, גם התעלפה פעמים רבות וַתפול לרגלי אישהּ, ותענה בצום נפשה ימים רבים, וכל אלה לא הועילו לה.	Когда же его отец Шмуэль решил отправить его в гимназию, его благочестивая мать непрерывно плакала, пока глаза её не иссякли от слёз; она много раз падала в обморок, бросалась к ногам мужа и много дней изнуряла себя постом — но всё это ей не помогло.	public/data/benyehuda/canon-v4.zip#library/by-113:31	ea74d1e6dcc74a729df5d3ae5375125ae13f0340c4e476ea4cdfe56c6bc60326	none	
ID-LIT-093	in-domain	reading-room-poetry	he	ru	פִּגְרֵי אֲנָשִׁים וּרְקַב זֶרַע אָדָם,	Трупы людей и гниль человеческого семени,	public/data/benyehuda/canon-v4.zip#library/by-174:23	93b0652aebec54e4d5c6d8f83c1122ef551d21062076a2adbc67e9fd252ec563	none	
ID-LIT-094	in-domain	reading-room-article	he	ru	ורק אחר שנמצא על ידי בדיקה זו, שאין תכוּנת הרמאוּת מצויה בשום 'כלל' אחר המשותף ליהודים ולאחרים, – רק אז תהיה לנו צדקה לחרוץ משפט, כי היהדות היא אֵם הרמאוּת.	И только если такое исследование покажет, что свойство мошенничества не встречается ни в одной другой «общей категории», объединяющей евреев с другими, — лишь тогда мы будем вправе вынести приговор, что иудаизм является матерью мошенничества.	public/data/benyehuda/canon-v4.zip#library/by-10:32	b3914a4e5475b2b140b87bab244b0393fadf4bcea2ec61b3a843ed857cc7a137	none	
ID-LIT-095	in-domain	reading-room-prose	he	ru	"עתה שב לעיר מולדתו מוכתר בתואר ""דוקטור""."	Теперь он вернулся в родной город, увенчанный званием «доктора».	public/data/benyehuda/canon-v4.zip#library/by-113:32	2b4c2a69cd4b83b4705775684db364f065351a4e1791fd007014171df84e0487	none	
ID-LIT-096	in-domain	reading-room-poetry	he	ru	מוֹרְדֵי הַחַיִּים מִיַּד צוּרִי שַׁדַּי,	Мятежники против жизни, вышедшие из руки Твердыни Всемогущего,	public/data/benyehuda/canon-v4.zip#library/by-174:24	d1b894c2b2d79cd9b0323a44d7936f271b21bada07c893b93fc09681e2907101	none	
ID-LIT-097	in-domain	reading-room-article	he	ru	– אבל, כאמור, אין דרכם של בני אדם להעמיק בהגיון, ואין אנו יכולים לדרוש כזאת גם מהמון בני עמנו.	Но, как уже сказано, людям не свойственно глубоко вникать в логику, и мы не можем требовать этого также от массы нашего народа.	public/data/benyehuda/canon-v4.zip#library/by-10:33	1f267e56072bcce805f780451802091f2aac7e1412ecfde623f4cf33be2f7190	none	
ID-LIT-098	in-domain	reading-room-prose	he	ru	"אומרים כי היודע את ""האותיות הקטנות"" יודע דברים אחדים בוַדאי."	Говорят, что тот, кто знает «мелкие буквы», уж наверняка кое-что знает.	public/data/benyehuda/canon-v4.zip#library/by-113:33	dda1a42eea36dee772742f199e39bb7703c7088bce8937bd5ec37137101dc676	none	
ID-LIT-099	in-domain	reading-room-poetry	he	ru	אֵל אֱלֹהֵי כּוֹבְשֵׁי כְּנַעַן בְּסוּפָה, -	Бог, бог покорителей Ханаана в буре, —	public/data/benyehuda/canon-v4.zip#library/by-174:25	628b8bfa458f7dd717078456c7807ec48cb872c17f250b9cf4b1e840a593f876	none	
ID-LIT-100	in-domain	reading-room-article	he	ru	הם שומעים את המשפט החרוץ של ההסכמה הכללית ורואים עם זה, שרבים בקרבּנוּ כך הם באמת כמו שאומרת ההסכמה, ובזה די להם, והרי הם מתחילים להסכים גם בעצמם.	Они слышат решительный приговор всеобщего согласия и вместе с тем видят, что многие среди нас действительно таковы, как говорит это согласие; этого им достаточно, и вот они начинают соглашаться и сами.	public/data/benyehuda/canon-v4.zip#library/by-10:34	dfa64bf7b1f9f73bd0f98662dd73e737612970dbb95c2717d0883b4a2385f0aa	none	
ID-LIT-101	in-domain	reading-room-prose	he	ru	ובני העם מושכים אותו מבית לבית.	И жители города тянут его из дома в дом.	public/data/benyehuda/canon-v4.zip#library/by-113:34	3425ce2e4ee579a6dcc08c832be10b844af2a90041a26ac4753132d11079465a	none	
ID-LIT-102	in-domain	reading-room-poetry	he	ru	שָׁלֹשׁ אֲתוֹנוֹת מְשָׂרְכוֹת אֶת דַּרְכָּן,	Три ослицы тащатся своим путём,	public/data/benyehuda/canon-v4.zip#library/by-175:1	186b99bec4ac645630c9095430562acffa9d7768b17b4e3fbb681d9d4b72f1dd	none	
ID-LIT-103	in-domain	reading-room-article	he	ru	המצב הזה, אם יאריך ימים, יוכל לגרום לנו נזק מוסרי גדול.	Если такое положение продлится, оно может причинить нам большой нравственный ущерб.	public/data/benyehuda/canon-v4.zip#library/by-10:35	0daacdfa15ffea1d94657331b2d3b356e5726dde90630b8bd50851397919946d	none	
ID-LIT-104	in-domain	reading-room-prose	he	ru	"– קראה אשה זקנה אחת, באוחזה בדש מעילו מימין – מַהרה ובוא עמי אל ""ההקדש"", כי האילמת נפלה למשכב."	— воскликнула одна старуха, ухватившись справа за отворот его пальто. — Скорее идём со мной в «хекдеш»: немая слегла.	public/data/benyehuda/canon-v4.zip#library/by-113:35	12076fb932f81884314a171fe89fd2fab77e4738acbbc56998c72f06b4055a5a	none	
ID-LIT-105	in-domain	reading-room-poetry	he	ru	שָׁלֹשׁ אֲתוֹנוֹת – מִבְּאֵר-שֶׁבַע לְדָן:	Три ослицы — от Беэр-Шевы до Дана:	public/data/benyehuda/canon-v4.zip#library/by-175:2	dfe13b639ffcc73ec09153310c927eeb6966eb8ea71bb567e4e8d740ab3b437b	none	
ID-LIT-106	in-domain	reading-room-article	he	ru	אין דבר מסוכּן לגוי ולאדם כהודאה על חטאים שאין בו.	Нет ничего опаснее для народа и для человека, чем признание в грехах, которых у него нет.	public/data/benyehuda/canon-v4.zip#library/by-10:36	efd8a8271503d990e1ee0469838ec9473cf0be9d6dd3e7ab51ab6c3d56a6ad73	none	
ID-LIT-107	in-domain	reading-room-prose	he	ru	"וכל הנשים הרפו ממנו בראותן את ""מירל"" הגבאית."	И все женщины отпустили его, увидев «Мирл», распорядительницу.	public/data/benyehuda/canon-v4.zip#library/by-113:36	af04b7ea43b8a98d879f3120ba52d658107ddd3cbc6c8ff2ccfffff3f970bb5e	none	
ID-LIT-108	in-domain	reading-room-poetry	he	ru	חוּמָה וּשְׁחוֹרָה וּצְחוֹרָה, – לְאִטָּן.	Бурая, чёрная и белая — не спеша.	public/data/benyehuda/canon-v4.zip#library/by-175:3	bd52b0471c0f08c15caef77664841886cb1404319845ba091d7c2d954508c7e0	none	
ID-LIT-109	in-domain	reading-room-article	he	ru	מי שחטא באמת, הרי שערי תשובה לא ננעלו, וברצונו הטוב יכול להסיר חלאתו מעליו.	Тому, кто действительно согрешил, врата раскаяния не закрыты, и при доброй воле он может очиститься от своей скверны.	public/data/benyehuda/canon-v4.zip#library/by-10:37	3abee5f8805111b4bd130d48485a4b869f8bcb3939307d2fc358f9c101cae00d	none	
ID-LIT-110	in-domain	reading-room-prose	he	ru	"ידוֹע ידעו כי ""פה קדוש "" לה ולה הנצחון תמיד, גם ברחוב גם בבית-הכנסת."	Все прекрасно знали, что у неё «святые уста» и победа всегда остаётся за ней — и на улице, и в синагоге.	public/data/benyehuda/canon-v4.zip#library/by-113:37	54ed4a54703d3ff7b0874b495bd59916ca87ab4cc18b238b4bb19b5f381192eb	none	
ID-LIT-111	in-domain	reading-room-poetry	he	ru	עָבְרוּ הַשָּׁלֹש עַל-יַד צְרִיחַ מִסְגֵּד,	Прошли все три мимо минарета мечети,	public/data/benyehuda/canon-v4.zip#library/by-175:4	cf7a7628a888c8cdd598c0b0ec4eccd880d7adbba476811d626c01d112569cc9	none	
ID-LIT-112	in-domain	reading-room-article	he	ru	אבל מי שאחרים הביאוהו לחשוֹד עצמו במה שאין בו, איך יוכל להטהר בעיני עצמו?	Но как сможет очиститься в собственных глазах тот, кого другие заставили подозревать себя в том, чего в нём нет?	public/data/benyehuda/canon-v4.zip#library/by-10:38	64faf42f6b2612109b7a9ea7facc40ef83982f3dad623c01179a50d865a0e478	none	
ID-LIT-113	in-domain	reading-room-prose	he	ru	"אישהּ, ""יונה הארוך"", מלמד-גמרא, יקלל אותה תמיד קללות נמרצות, ומירל לא תרגז ולא תתקצף."	Её муж, «длинный Йона», учитель Гемары, постоянно осыпает её крепкими проклятиями, а Мирл не сердится и не выходит из себя.	public/data/benyehuda/canon-v4.zip#library/by-113:38	9eeb0b496f333888e3cdf62b8d23496ee143d26d6e216f9b72161f1f35afdb9e	none	
ID-LIT-114	in-domain	reading-room-poetry	he	ru	כָּרְעָה הַשְּׁחוֹרָה, כִּי קָרְאוּ לַמּוֹעֵד.	Чёрная преклонила колени, потому что прозвучал призыв к молитве.	public/data/benyehuda/canon-v4.zip#library/by-175:5	50508793920de44be99681c96bf59031b497279c0f03e8850833f340ba39c742	none	
ID-LIT-115	in-domain	reading-room-article	he	ru	"ולא עוד אלא שלפעמים תביא אמונה זו את האיש הפרטי להשתתף באותה המדה המגוּנה שלפי אמונתו היא קנין הכלל כולו, אעפ""י שהוא עצמו מצד פרטיותו אינו נוטה כלל לזה."	Более того, иногда эта вера заставляет отдельного человека участвовать в том постыдном свойстве, которое, по его убеждению, присуще всему народу, хотя сам он как отдельная личность вовсе к нему не склонен.	public/data/benyehuda/canon-v4.zip#library/by-10:39	76dcab96498c117d28e6a6af34936fe9f83b33a115903861d5b1260dfba9d654	none	
ID-LIT-116	in-domain	reading-room-prose	he	ru	מירל שומעת במנוחה את כל הקללות המעורבות במלות עבריות ותלמודיות, ואחר תשב ותשנן אותן ברחוב ובעזרת-הנשים, ובעלות-ריבה תאלמנה מפניה, מבלי דעת עד היכן הקללה העברית מגעת.	Мирл спокойно выслушивает все проклятия, перемешанные с еврейскими и талмудическими словами, а потом садится и повторяет их на улице и в женском отделении синагоги; в ссорах женщины немеют перед ней, не зная, до каких пределов может доходить еврейское проклятие.	public/data/benyehuda/canon-v4.zip#library/by-113:39	ef647ad3431e77d2d633175795398a885e9d9943d6344b763ef2ea02378d4177	none	
ID-LIT-117	in-domain	reading-room-poetry	he	ru	עָבְרוּ הַשָּׁלֹשׁ עַל-יַד פֶּתַח מִנְזָר,	Прошли все три мимо ворот монастыря,	public/data/benyehuda/canon-v4.zip#library/by-175:6	18128969afe11c3004d6fe2b4ed4d2050d0a213b0d9a30b3e5b8ccbca30108a7	none	
ID-LIT-118	in-domain	reading-room-article	he	ru	"אין ספק, למשל, כי בקרב העם שיצאו מתוכו אנשים כהרמב""ם נמצאים גם עתה בעלי דעה מיושבת ואוהבי סדר ושיטה בכל דבר, והם, בקחתם חלק בעבודת הצבּוּר, היו יכולים לתת בה את רוחם ולפעול גם על יתר העובדים."	Нет сомнения, что среди народа, из которого вышли такие люди, как Рамбам, и теперь есть люди со здравым рассудком, любящие порядок и систематичность во всём; участвуя в общественной работе, они могли бы привнести в неё свой дух и воздействовать на остальных работников.	public/data/benyehuda/canon-v4.zip#library/by-10:40	0fd3a6d10521939b815fbcd16d44e74b5ff2fee4f0c8d9b16629e758ffd224a5	none	
ID-LIT-119	in-domain	reading-room-prose	he	ru	"בחצר ""ההקדש"", המלאה רפש וטיט, ישׂחקו יחד ילד כבן ארבע שנים וילדה כבת חמש שנים."	Во дворе «хекдеша», полном грязи и глины, вместе играют мальчик лет четырёх и девочка лет пяти.	public/data/benyehuda/canon-v4.zip#library/by-113:40	ebbb2356943033f2a7e484d87607b0d1345938ccec975b16442126c3cb6321d3	none	
ID-LIT-120	in-domain	reading-room-poetry	he	ru	צָנְחָה הַחוּמָה מוּל אִיקוֹנִין מָשְׁזָר.	Бурая опустилась перед вышитой иконой.	public/data/benyehuda/canon-v4.zip#library/by-175:7	0b7e846e3a3a8c6577623436a04881877f37542d1fe81ef71539950d2acc6f11	none	
ID-LIT-121	in-domain	reading-room-article	he	ru	"אבל מה נעשׂה, וכל גזרה 'ההסכמה', ששׂנאת הסדרים היא תכוּנה יהודית, וכבר הסכמנו גם אנחנו להסכמה זו (אעפ""י שעוד לא נתברר, אם התכוּנה הזאת, המצויה באמת בחלק גדול מעמנו, מתיחסת אל הכלל 'יהודים', או אולי – מה שיותר מתקבל על הלב – אל הכלל 'חניכי־החדר')."	Но что нам делать, если «согласие» уже постановило, что ненависть к порядку — еврейское свойство, и мы сами уже согласились с этим мнением, хотя ещё не выяснено, относится ли это свойство, действительно распространённое среди значительной части нашего народа, к общей категории «евреи» или, что гораздо вероятнее, к категории «воспитанники хедера».	public/data/benyehuda/canon-v4.zip#library/by-10:41	60f707a6497748331264caa43de8a9d2d5d3b9e4e5d381479926ee22a13bc6d9	none	
ID-LIT-122	in-domain	reading-room-prose	he	ru	היא לשה עוגות מן הטיט אשר לפניה, והוא שׂם אותן בבור קטן, אשר היה להם לתנור.	Она лепит лепёшки из лежащей перед ней глины, а он кладёт их в небольшую яму, служившую им печью.	public/data/benyehuda/canon-v4.zip#library/by-113:41	0424d78d43cd0d5babad2e2c946bb246b9ddfd5b7f7e37210af73a46f0ee3b2c	none	
ID-LIT-123	in-domain	reading-room-poetry	he	ru	עָבְרוּ הַשָּׁלֹשׁ עַל חֻרְבָּה קְדוֹשָׁה,	Прошли все три мимо священной развалины,	public/data/benyehuda/canon-v4.zip#library/by-175:8	43e74489ea58b9b89e4bd231af1e3863da8b24edd5df4c9003a606031648f198	none	
ID-LIT-124	in-domain	reading-room-article	he	ru	ועל כן תרפינה ידי אוהבי הסדר, בהאמינם, כי אין עצה ואין תבונה נגד תכוּנת העם.	Поэтому у любителей порядка опускаются руки, ибо они верят, что против свойства целого народа нет ни совета, ни разумного средства.	public/data/benyehuda/canon-v4.zip#library/by-10:42	484f8c5361982628d69314608d41239fe89374db8af867bd0159bdba518cf702	none	
ID-LIT-125	in-domain	reading-room-prose	he	ru	– כשוב אמנו לאיתנה – אמר הילד לאחותו – תמכור את אשר נאפה והיה לנו כסף רב!	— Когда наша мама поправится, — сказал мальчик сестре, — она продаст то, что мы испечём, и у нас будет много денег!	public/data/benyehuda/canon-v4.zip#library/by-113:42	8bec13cc231ab32d443c99e52241d1fd385472824378e1beade7a5c0a6e441b8	none	
ID-LIT-126	in-domain	reading-room-poetry	he	ru	עָמְדָה הַצְּחוֹרָה מַרְכִּינָה אֶת רֹאשָׁהּ.	Белая остановилась, склонив голову.	public/data/benyehuda/canon-v4.zip#library/by-175:9	0d10c2f46b47e5c7d227cfc454c4c5d68456fa5dba008e0a33c02043a6e2345c	none	
ID-LIT-127	in-domain	reading-room-article	he	ru	ואם פטריוטים הם, יעקרו גם מלבם את האהבה לסדרים, המתנגדת לרוח עמם, ויעשׂו גם הם את מעשׂיהם כראוי ליהודים אמתיים…	А если они патриоты, то искоренят в своих сердцах и любовь к порядку, противоречащую духу их народа, и станут совершать свои дела так, как подобает истинным евреям…	public/data/benyehuda/canon-v4.zip#library/by-10:43	24866cf0e31f4f8716d0555c9892cacdc6204525a2195a8d507e0797e0fc8554	none	
ID-LIT-128	in-domain	reading-room-prose	he	ru	– ענתה הילדה – נעשׂה נא לנו גם אנו חנות קטנה.	— ответила девочка. — Давай и мы устроим себе маленькую лавку.	public/data/benyehuda/canon-v4.zip#library/by-113:43	7dd312ee262cc0ccd8e2f0595fb59c491919c9f4dd3ae5cdd9c70e48f66a0999	none	
ID-LIT-129	in-domain	reading-room-poetry	he	ru	עַל-גַּב הַשְּׁחוֹרָה, עַל גַּבָּהּ, סַיִף רָב;	На спине чёрной, на самой её спине, — большой меч;	public/data/benyehuda/canon-v4.zip#library/by-175:10	92d63c4fb1e0ea390265b72175f63537de5be1672dd85677331ed2a34a5c7fe3	none	
ID-LIT-130	in-domain	reading-room-article	he	ru	ואת האמצעי הזה נותנת לנו 'ההסכמה הכללית' עצמה על ידי עלילת־הדם.	И это средство даёт нам само «всеобщее согласие» посредством кровавого навета.	public/data/benyehuda/canon-v4.zip#library/by-10:44	166461ef6fc73b70f32687b69628283cb6a7c0b37bdc31931d5a734c303bcd80	none	
ID-LIT-131	in-domain	reading-room-prose	he	ru	דבריה מצאו חן בעיני הנער וַילכו שניהם יחד לתוך מקום בחצר, אשר יסכון לחנות.	Её слова понравились мальчику, и они вместе пошли в то место во дворе, которое могло подойти для лавки.	public/data/benyehuda/canon-v4.zip#library/by-113:44	d9be37d445c5746ed7662879e95373bf131135fe67b9be8dc545ec1b6150c6d6	none	
ID-LIT-132	in-domain	reading-room-poetry	he	ru	עַל-גַּב הַחוּמָה, עַל גַּבָּהּ, מֻטָּל צְלָב;	На спине бурой, на самой её спине, лежит крест;	public/data/benyehuda/canon-v4.zip#library/by-175:11	60eae6dee4e3c5b967658bb2942cd7b4ef914d028381a3fba79a7402cc147018	none	
ID-LIT-133	in-domain	reading-room-article	he	ru	העלילה הזאת היא היחידה בין כל רעותיה אשר בה לא תוכל ההסכמה להביא גם אותנו לידי ספק, אם באמת 'כל העולם חייבים ואנחנו זכאים', בהיותה מיוסדת כולה על שקר מוחלט ואין לה משען באיזה היקש מוטעה 'מן הפרט על הכלל'.	Этот навет — единственное из всех причиняемых им зол, при котором согласие не может заставить даже нас усомниться, действительно ли «весь мир виноват, а мы невиновны», поскольку он целиком основан на абсолютной лжи и не опирается ни на какое ошибочное умозаключение «от частного к общему».	public/data/benyehuda/canon-v4.zip#library/by-10:45	0d2ce84f531e51f060c4033c97299764cd882e423c1ba60a50f4d93a01f352a1	none	
ID-LIT-134	in-domain	reading-room-prose	he	ru	"בירכתי החצר ניצב ה""ארון"" ועליו מעטה שחור, מרוקם באותיות אדומות ""צדקה תציל ממות"" ובו בחרו להם הילדים להניח עליו את עוגותיהם."	В глубине двора стоял «ящик», покрытый чёрным покровом с вышитыми красными буквами: «Благотворительность спасает от смерти»; дети выбрали его, чтобы складывать сверху свои лепёшки.	public/data/benyehuda/canon-v4.zip#library/by-113:45	8242719ee0c3bc0c41805ce24fb23939e0dcfad2821cd80c36305cf050932032	none	
ID-LIT-135	in-domain	reading-room-poetry	he	ru	עַל-גַּב הַצְּחוֹרָה אַךְ שְׁטִיחַ זָהָב.	На спине белой — лишь золотой ковёр.	public/data/benyehuda/canon-v4.zip#library/by-175:12	4cf6c26c8d56069bcf191c1622544da0af4502ac932133052f63bfeb30934f6f	none	
ID-LIT-136	in-domain	reading-room-article	he	ru	כל איש ישׂראל שנתחנך בתוך עמו יודע בבירור גמור, שאין בתוך כלל ישׂראל אף פרט אחד האוכל דם אדם לשם שמים.	Каждый еврей, воспитанный среди своего народа, знает совершенно ясно, что во всём Израиле нет ни одного человека, который употреблял бы человеческую кровь во имя Небес.	public/data/benyehuda/canon-v4.zip#library/by-10:46	758111e47443a06c66fc5a97fe8a8db4b0666ceb91724e96d9b549a95ac5ddd4	none	
ID-LIT-137	in-domain	reading-room-prose	he	ru	"מן ה""הקדש"" יצאה ""בריינה העבה"", אשה גבוהת-קומה ובריאת-בשׂר; צעדיה קטנים, עד כי תיראה לא כהולכת כי אם כמַחלקת על פניי הארץ."	Из «хекдеша» вышла «толстая Брейна» — высокая, крепко сложенная женщина; шаги её были так малы, что казалось, будто она не идёт, а скользит по поверхности земли.	public/data/benyehuda/canon-v4.zip#library/by-113:46	96fc9cf8be90d04d88a7c8e1264c1c7a9015cfbdc8f7dc082bfef89cddcdcf88	none	
ID-LIT-138	in-domain	reading-room-poetry	he	ru	אֵין כְּלוּם עַל גַּבָּהּ בִּלְתִּי אִם-הַשָּׁטִיחַ –	На её спине нет ничего, кроме ковра —	public/data/benyehuda/canon-v4.zip#library/by-175:13	a5008412c31004e4bf7c567bdef590bd5df6d1c820ae01c17c5cd93c4a06d04a	none	
ID-LIT-139	in-domain	reading-room-article	he	ru	ואת הידיעה הברורה הזאת משגיאת 'ההסכמה הכללית', המתחדשת בלבנו מזמן לזמן על ידי התחדשות עלילת־הדם, צריכים אנו לשמור תמיד בזכרוננו, והיא תעזור לנו לעקור מלבנו את הנטיה להכּנע מפני האַבטוֹריטט של 'כל העולם' גם ביתר הדברים.	Это ясное знание об ошибочности «всеобщего согласия», вновь оживающее в наших сердцах всякий раз с возобновлением кровавого навета, мы должны постоянно хранить в памяти; оно поможет нам вырвать из сердца склонность преклоняться перед авторитетом «всего мира» и в прочих вопросах.	public/data/benyehuda/canon-v4.zip#library/by-10:47	27b33d56ed073f6efa79724987eae90737c2c68415281d17f2434cd2d95bfaaf	none	
ID-LIT-140	in-domain	reading-room-prose	he	ru	כל ריס לא נראה בעפעפי עיניה הירקרקות, אשר היו נטויות אל הפוזמק שבידיה, ואך שתי טפות דמעה גדולות נזלו לאט על לחייה העבות הקמוטות.	На веках её зеленоватых глаз не было видно ни одной ресницы; глаза были опущены к чулку в её руках, и лишь две большие слезы медленно стекали по её толстым, морщинистым щекам.	public/data/benyehuda/canon-v4.zip#library/by-113:47	c447b86a463eb98e9be5e6f340c775734e5107995a82cc78e6e9fd8be5219991	none	
ID-LIT-141	in-domain	reading-room-poetry	he	ru	בִּמְהֵרָה בְּיָמֵינוּ יִרְכַּב עָלֶיהָ מָשִׁיחַ.	Скоро, в наши дни, на ней поедет Мессия.	public/data/benyehuda/canon-v4.zip#library/by-175:14	041662ee0b0b6be33374ba64738126c13f2b96d0c73a64945f56e439cd6a8146	none	
ID-LIT-142	in-domain	reading-room-article	he	ru	יאמר כל העולם מה שיאמר על דבר פחיתוּת ערכּנוּ המוסרי, – אנחנו יודעים, כי 'ההסכמה' הזאת נשענת רק על הגיון המוני, בלי כל יסוד מדעי אמתּי.	Пусть весь мир говорит что угодно о низости нашего нравственного достоинства, — мы знаем, что это «согласие» опирается лишь на логику толпы и не имеет никакого подлинно научного основания.	public/data/benyehuda/canon-v4.zip#library/by-10:48	3dc1fa4c2b77d77fb4a87a8be952cfeee8a347640aedfa75e9fbfa6f3015f1da	none	
ID-LIT-143	in-domain	reading-room-prose	he	ru	"והנה ""מירל"" צולעת לקראתה בחצר."	И вот «Мирл» хромая идёт ей навстречу по двору.	public/data/benyehuda/canon-v4.zip#library/by-113:48	066ff1081f3a154b2351cef44d371faa07b672a106ca61e54080e3b02176f3cc	none	
ID-LIT-144	in-domain	reading-room-poetry	he	ru	"בשנת ""כטל לישראל"" מוכן להחיות מתים נלקח ארון האלקים המכובד והענו עטרת ראשנו הדרשן המפורסם אב""ד פה טריאסטי יע""א כמהר""ר מרדכי אשכנזי ז""ל ונשמע קולו בבאו אל הקדש ויאמר:1"	В год, обозначенный словами «как роса Израилю», готовому оживить мёртвых, был взят почитаемый и смиренный ковчег Божий, венец нашей головы, знаменитый проповедник и глава раввинского суда здесь, в Триесте, наш учитель и раввин Мордехай Ашкенази, благословенной памяти; и при входе его в святое место раздался его голос, и он сказал:	public/data/benyehuda/canon-v4.zip#library/by-180:1	0654cae6c4d14904f97560065c75dd99a5727acb9cfd364dc9f9045e75e513f1	none	
ID-LIT-145	in-domain	reading-room-article	he	ru	כי מי בא בסוד עמקי רוחנו וראה את 'היהודי' כמו שהוא מצד עצמו?	Ибо кто проник в тайные глубины нашего духа и увидел «еврея» таким, каков он сам по себе?	public/data/benyehuda/canon-v4.zip#library/by-10:49	f09691f70a82872940703cdda630921cc9fe2f253d4dbc2318d9069139fb50d2	none	
ID-LIT-146	in-domain	reading-room-prose	he	ru	"פניה ירוקים ומלאים קמטים, ראשה הקטן, אשר ידמה בגודלו לאתרוג קוֹרפוּ, נע הנה והנה בלכתה, ומבעד למטפחת ראשה נראו על מצחה משקפים, אחוזים בחוטי ברזל עבים, אשר השתמשה בהם אך לאמירת ה""תחינות""."	Лицо её было зеленоватым и покрытым морщинами; маленькая голова, по величине напоминавшая корфский этрог, качалась из стороны в сторону при ходьбе, а из-под головного платка на лбу виднелись очки, закреплённые толстой железной проволокой, которыми она пользовалась только при чтении «тхинот».	public/data/benyehuda/canon-v4.zip#library/by-113:49	fba8d021ec73a425c133a2d18bb4f5c033a0aa9f2d62e840d1c917748b3d32c8	none	
ID-LIT-147	in-domain	reading-room-poetry	he	ru	לָכֵן אֶשְׂמַח כִּי רַב חֵילִי,	Поэтому я возрадуюсь, ибо велика моя сила,	public/data/benyehuda/canon-v4.zip#library/by-180:2	77c5bc0a4418366abde46650e08c36606f31a2fcf69b26634ebe9e39d14c9451	none	
ID-LIT-148	in-domain	reading-room-article	he	ru	מי שקל זה לעומת זה יהודים ושאינם יהודים הדומים אלו לאלו בכל יתר 'הכללים': סוחרים לעומת סוחרים, נרדפים לעומת נרדפים, רעבים לעומת רעבים וכו'.	Кто сопоставил евреев и неевреев, сходных друг с другом во всех остальных «общих категориях»: торговцев с торговцами, преследуемых с преследуемыми, голодных с голодными и так далее?	public/data/benyehuda/canon-v4.zip#library/by-10:50	0f5e2dda02d8a50db5f7a92c7ae877aab61a3ed7d205f0fb9d5cc0b93e9c433e	none	
ID-LIT-149	in-domain	reading-room-prose	he	ru	"קול בריינה היה עבה וגס כקול המנקים בארובות, וקול מירל היה דק ומצלצל, ובדבּרה נפסק לרגעים, לשונה התנהלה בכבדות עוד רב יותר מירכה הצולעת, ובכל זאת היה פיה ""פה קדוש""."	Голос Брейны был густым и грубым, словно голос трубочиста, а голос Мирл — тонким и звонким; во время речи он временами обрывался, её язык двигался с ещё большим трудом, чем хромое бедро, и всё же её рот был «святыми устами».	public/data/benyehuda/canon-v4.zip#library/by-113:50	92d5eb6c6d3d64d1e296543789e8c537a51f7dce1f4fec5103732f490b95704f	none	
ID-LIT-150	in-domain	reading-room-poetry	he	ru	כִּי הוּא שׁוֹכֵב עִם אֲבוֹתֵנוּ:	Ибо он покоится с нашими предками:	public/data/benyehuda/canon-v4.zip#library/by-180:3	2c233ac7a06a288407b3dadde6ece3ff6b62b4ea605533847d80ccedc3226f3a	none	
